Workbook
Name Slicer_Individual_Hashtags: #N/A
Name Slicer_Platform: #N/A
Name Slicer_Week_Start_Date: #N/A

Sheet Posts
A1: Post ID | B1: Platform | C1: Date | D1: Content Type | E1: Post Text | F1: Likes | G1: Shares | H1: Comments | I1: Impressions | J1: Engagement Rate | K1: Reach | L1: Clicks | M1: Hashtags | N1: Individual Hashtags | O1: Campaign_Name | P1: Engagement
A2: P220 | B2: Instagram | C2: 2024-06-02 | D2: Story | E2: Check out our latest story on instagram! | F2: 84 | G2: 897 | H2: 85 | I2: 588 | J2: =(F2+G2+H2)/I2 -> 1.8129252 | K2: 8 | L2: 12 | M2: #FutureOfDriving,#AnytimeIsTeslaTime | N2: #FutureOfDriving | O2: CybertruckLaunch | P2: =F2+G2+H2 -> 1066
A3: P058 | B3: Instagram | C3: 2025-04-15 | D3: Reel | E3: Check out our latest reel on instagram! | F3: 103 | G3: 770 | H3: 19 | I3: 1030 | J3: =(F3+G3+H3)/I3 -> 0.86601942 | K3: 410 | L3: 262 | M3: #TeslaCoInnovation,#BetterWithTesla | N3: #AnytimeIsTeslaTime | O3: ModelYCampaign | P3: =F3+G3+H3 -> 892
A4: P232 | B4: Twitter | C4: 2025-04-29 | D4: Story | E4: Check out our latest story on twitter! | F4: 249 | G4: 592 | H4: 230 | I4: 1494 | J4: =(F4+G4+H4)/I4 -> 0.71686747 | K4: 1044 | L4: 201 | M4: #TeslaCoInnovation | N4: #TeslaCoInnovation | O4: FSDUpdate | P4: =F4+G4+H4 -> 1071
A5: P178 | B5: Instagram | C5: 2024-11-07 | D5: Video | E5: Check out our latest video on instagram! | F5: 129 | G5: 643 | H5: 136 | I5: 1290 | J5: =(F5+G5+H5)/I5 -> 0.70387597 | K5: 839 | L5: 238 | M5: #EVRevolution | N5: #BetterWithTesla | O5: SustainabilityDrive | P5: =F5+G5+H5 -> 908
A6: P175 | B6: Instagram | C6: 2025-01-17 | D6: Reel | E6: Check out our latest reel on instagram! | F6: 142 | G6: 784 | H6: 183 | I6: 1704 | J6: =(F6+G6+H6)/I6 -> 0.6508216 | K6: 995 | L6: 154 | M6: #EVRevolution,#TeslaCoInnovation | N6: #TeslaCoInnovation | O6: CybertruckLaunch | P6: =F6+G6+H6 -> 1109
A7: P062 | B7: Twitter | C7: 2024-11-22 | D7: Carousel | E7: Check out our latest carousel on twitter! | F7: 53 | G7: 81 | H7: 379 | I7: 954 | J7: =(F7+G7+H7)/I7 -> 0.53773585 | K7: 7 | L7: 148 | M7: #TeslaCoInnovation | N7: #EVRevolution | O7: ModelYCampaign | P7: =F7+G7+H7 -> 513
A8: P264 | B8: Twitter | C8: 2025-01-30 | D8: Image | E8: Check out our latest image on twitter! | F8: 59 | G8: 163 | H8: 93 | I8: 590 | J8: =(F8+G8+H8)/I8 -> 0.53389831 | K8: 475 | L8: 293 | M8: #TeslaCoInnovation | N8: #EVRevolution | O8: ModelYCampaign | P8: =F8+G8+H8 -> 315
A9: P143 | B9: YouTube | C9: 2024-10-02 | D9: Carousel | E9: Check out our latest carousel on youtube! | F9: 80 | G9: 362 | H9: 80 | I9: 1040 | J9: =(F9+G9+H9)/I9 -> 0.50192308 | K9: 349 | L9: 117 | M9: #EVRevolution | N9: #TeslaCoInnovation | O9: SustainabilityDrive | P9: =F9+G9+H9 -> 522
A10: P210 | B10: YouTube | C10: 2025-02-19 | D10: Image | E10: Check out our latest image on youtube! | F10: 257 | G10: 966 | H10: 398 | I10: 3341 | J10: =(F10+G10+H10)/I10 -> 0.48518408 | K10: 2753 | L10: 287 | M10: #TeslaCoInnovation | N10: #TeslaCoInnovation | O10: ModelYCampaign | P10: =F10+G10+H10 -> 1621
A11: P070 | B11: Facebook | C11: 2025-04-02 | D11: Video | E11: Check out our latest video on facebook! | F11: 199 | G11: 772 | H11: 400 | I11: 3582 | J11: =(F11+G11+H11)/I11 -> 0.38274707 | K11: 2988 | L11: 43 | M11: #TeslaCoInnovation | N11: #TeslaCoInnovation | O11: ModelYCampaign | P11: =F11+G11+H11 -> 1371
A12: P214 | B12: Instagram | C12: 2024-12-23 | D12: Image | E12: Check out our latest image on instagram! | F12: 521 | G12: 746 | H12: 315 | I12: 4168 | J12: =(F12+G12+H12)/I12 -> 0.37955854 | K12: 3399 | L12: 282 | M12: #FutureOfDriving | N12: #EVRevolution | O12: SustainabilityDrive | P12: =F12+G12+H12 -> 1582
A13: P053 | B13: YouTube | C13: 2025-02-24 | D13: Carousel | E13: Check out our latest carousel on youtube! | F13: 804 | G13: 639 | H13: 43 | I13: 4020 | J13: =(F13+G13+H13)/I13 -> 0.36965174 | K13: 3144 | L13: 11 | M13: #FutureOfDriving | N13: #TeslaCoInnovation | O13: FSDUpdate | P13: =F13+G13+H13 -> 1486
A14: P102 | B14: Twitter | C14: 2024-09-18 | D14: Reel | E14: Check out our latest reel on twitter! | F14: 1000 | G14: 978 | H14: 162 | I14: 6000 | J14: =(F14+G14+H14)/I14 -> 0.35666667 | K14: 5221 | L14: 223 | M14: #EVRevolution | N14: #TeslaCoInnovation | O14: CybertruckLaunch | P14: =F14+G14+H14 -> 2140
A15: P124 | B15: YouTube | C15: 2025-04-06 | D15: Carousel | E15: Check out our latest carousel on youtube! | F15: 736 | G15: 771 | H15: 225 | I15: 5152 | J15: =(F15+G15+H15)/I15 -> 0.33618012 | K15: 4706 | L15: 19 | M15: #FutureOfDriving | N15: #FutureOfDriving | P15: =F15+G15+H15 -> 1732
A16: P121 | B16: Instagram | C16: 2024-07-29 | D16: Story | E16: Check out our latest story on instagram! | F16: 498 | G16: 701 | H16: 412 | I16: 4980 | J16: =(F16+G16+H16)/I16 -> 0.32349398 | K16: 4185 | L16: 185 | M16: #FutureOfDriving | N16: #FutureOfDriving | O16: CybertruckLaunch | P16: =F16+G16+H16 -> 1611
A17: P224 | B17: Facebook | C17: 2025-05-13 | D17: Image | E17: Check out our latest image on facebook! | F17: 602 | G17: 594 | H17: 156 | I17: 4214 | J17: =(F17+G17+H17)/I17 -> 0.32083531 | K17: 3363 | L17: 164 | M17: #FutureOfDriving | N17: #EVRevolution | O17: FSDUpdate | P17: =F17+G17+H17 -> 1352
A18: P154 | B18: Instagram | C18: 2024-10-09 | D18: Carousel | E18: Check out our latest carousel on instagram! | F18: 985 | G18: 932 | H18: 287 | I18: 6895 | J18: =(F18+G18+H18)/I18 -> 0.31965192 | K18: 6757 | L18: 64 | M18: #EVRevolution | N18: #FutureOfDriving | O18: SustainabilityDrive | P18: =F18+G18+H18 -> 2204
A19: P119 | B19: Instagram | C19: 2025-02-07 | D19: Reel | E19: Check out our latest reel on instagram! | F19: 1970 | G19: 675 | H19: 478 | I19: 9850 | J19: =(F19+G19+H19)/I19 -> 0.31705584 | K19: 8924 | L19: 117 | M19: #FutureOfDriving | N19: #FutureOfDriving | O19: CybertruckLaunch | P19: =F19+G19+H19 -> 3123
A20: P287 | B20: Instagram | C20: 2024-08-15 | D20: Reel | E20: Check out our latest reel on instagram! | F20: 1164 | G20: 616 | H20: 324 | I20: 6984 | J20: =(F20+G20+H20)/I20 -> 0.30126002 | K20: 6636 | L20: 82 | M20: #TeslaCoInnovation | N20: #FutureOfDriving | O20: SustainabilityDrive | P20: =F20+G20+H20 -> 2104
A21: P204 | B21: Instagram | C21: 2025-01-01 | D21: Carousel | E21: Check out our latest carousel on instagram! | F21: 2234 | G21: 653 | H21: 432 | I21: 11170 | J21: =(F21+G21+H21)/I21 -> 0.29713518 | K21: 10569 | L21: 198 | M21: #TeslaCoInnovation | N21: #EVRevolution | O21: CybertruckLaunch | P21: =F21+G21+H21 -> 3319
A22: P066 | B22: Twitter | C22: 2024-07-26 | D22: Carousel | E22: Check out our latest carousel on twitter! | F22: 432 | G22: 171 | H22: 280 | I22: 3024 | J22: =(F22+G22+H22)/I22 -> 0.29199735 | K22: 2285 | L22: 184 | M22: #FutureOfDriving | N22: #FutureOfDriving | O22: SustainabilityDrive | P22: =F22+G22+H22 -> 883
A23: P183 | B23: Instagram | C23: 2024-12-17 | D23: Story | E23: Check out our latest story on instagram! | F23: 360 | G23: 590 | H23: 393 | I23: 4680 | J23: =(F23+G23+H23)/I23 -> 0.28696581 | K23: 4322 | L23: 208 | M23: #TeslaCoInnovation | N23: #TeslaCoInnovation | O23: SustainabilityDrive | P23: =F23+G23+H23 -> 1343
A24: P031 | B24: Instagram | C24: 2024-12-16 | D24: Text | E24: Check out our latest text on instagram! | F24: 438 | G24: 153 | H24: 275 | I24: 3066 | J24: =(F24+G24+H24)/I24 -> 0.28245271 | K24: 2701 | L24: 282 | M24: #TeslaCoInnovation,#AnytimeIsTeslaTime | N24: #TeslaCoInnovation | O24: ModelYCampaign | P24: =F24+G24+H24 -> 866
A25: P093 | B25: Instagram | C25: 2024-12-11 | D25: Video | E25: Check out our latest video on instagram! | F25: 1431 | G25: 951 | H25: 26 | I25: 8586 | J25: =(F25+G25+H25)/I25 -> 0.28045656 | K25: 8396 | L25: 150 | M25: #FutureOfDriving | N25: #FutureOfDriving | O25: FSDUpdate | P25: =F25+G25+H25 -> 2408
A26: P263 | B26: Instagram | C26: 2024-08-20 | D26: Reel | E26: Check out our latest reel on instagram! | F26: 2603 | G26: 690 | H26: 205 | I26: 13015 | J26: =(F26+G26+H26)/I26 -> 0.26876681 | K26: 12130 | L26: 20 | M26: #EVRevolution | N26: #TeslaCoInnovation | P26: =F26+G26+H26 -> 3498
A27: P248 | B27: Facebook | C27: 2025-02-02 | D27: Story | E27: Check out our latest story on facebook! | F27: 886 | G27: 126 | H27: 153 | I27: 4430 | J27: =(F27+G27+H27)/I27 -> 0.26297968 | K27: 4037 | L27: 212 | M27: #FutureOfDriving | N27: #TeslaCoInnovation | O27: ModelYCampaign | P27: =F27+G27+H27 -> 1165
A28: P244 | B28: YouTube | C28: 2024-10-25 | D28: Video | E28: Check out our latest video on youtube! | F28: 4661 | G28: 935 | H28: 433 | I28: 23305 | J28: =(F28+G28+H28)/I28 -> 0.25869985 | K28: 22583 | L28: 63 | M28: #FutureOfDriving | N28: #AnytimeIsTeslaTime | O28: SustainabilityDrive | P28: =F28+G28+H28 -> 6029
A29: P259 | B29: Facebook | C29: 2025-02-10 | D29: Text | E29: Check out our latest text on facebook! | F29: 562 | G29: 158 | H29: 149 | I29: 3372 | J29: =(F29+G29+H29)/I29 -> 0.25771056 | K29: 2940 | L29: 93 | M29: #FutureOfDriving | N29: #FutureOfDriving | O29: SustainabilityDrive | P29: =F29+G29+H29 -> 869
A30: P219 | B30: Twitter | C30: 2025-01-28 | D30: Reel | E30: Check out our latest reel on twitter! | F30: 1188 | G30: 470 | H30: 174 | I30: 7128 | J30: =(F30+G30+H30)/I30 -> 0.25701459 | K30: 6145 | L30: 270 | M30: #FutureOfDriving | N30: #EVRevolution | O30: FSDUpdate | P30: =F30+G30+H30 -> 1832
A31: P226 | B31: Instagram | C31: 2024-08-07 | D31: Carousel | E31: Check out our latest carousel on instagram! | F31: 1741 | G31: 164 | H31: 318 | I31: 8705 | J31: =(F31+G31+H31)/I31 -> 0.25537048 | K31: 8272 | L31: 121 | M31: #EVRevolution | N31: #FutureOfDriving | P31: =F31+G31+H31 -> 2223
A32: P265 | B32: Twitter | C32: 2025-02-20 | D32: Carousel | E32: Check out our latest carousel on twitter! | F32: 1877 | G32: 745 | H32: 225 | I32: 11262 | J32: =(F32+G32+H32)/I32 -> 0.25279702 | K32: 10967 | L32: 41 | M32: #TeslaCoInnovation | N32: #FutureOfDriving | O32: ModelYCampaign | P32: =F32+G32+H32 -> 2847
A33: P239 | B33: YouTube | C33: 2025-02-24 | D33: Text | E33: Check out our latest text on youtube! | F33: 4188 | G33: 942 | H33: 118 | I33: 20940 | J33: =(F33+G33+H33)/I33 -> 0.25062082 | K33: 20471 | L33: 102 | M33: #EVRevolution | N33: #FutureOfDriving | O33: CybertruckLaunch | P33: =F33+G33+H33 -> 5248
A34: P277 | B34: Facebook | C34: 2025-04-06 | D34: Image | E34: Check out our latest image on facebook! | F34: 4236 | G34: 711 | H34: 298 | I34: 21180 | J34: =(F34+G34+H34)/I34 -> 0.24763928 | K34: 20516 | L34: 238 | M34: #TeslaCoInnovation | N34: #FutureOfDriving | O34: CybertruckLaunch | P34: =F34+G34+H34 -> 5245
A35: P297 | B35: Twitter | C35: 2024-12-24 | D35: Text | E35: Check out our latest text on twitter! | F35: 2166 | G35: 354 | H35: 117 | I35: 10830 | J35: =(F35+G35+H35)/I35 -> 0.2434903 | K35: 10245 | L35: 24 | M35: #TeslaCoInnovation | N35: #EVRevolution | O35: FSDUpdate | P35: =F35+G35+H35 -> 2637
A36: P181 | B36: YouTube | C36: 2025-03-21 | D36: Image | E36: Check out our latest image on youtube! | F36: 606 | G36: 789 | H36: 470 | I36: 7878 | J36: =(F36+G36+H36)/I36 -> 0.23673521 | K36: 7389 | L36: 239 | M36: #FutureOfDriving | N36: #TeslaCoInnovation | O36: ModelYCampaign | P36: =F36+G36+H36 -> 1865
A37: P246 | B37: Facebook | C37: 2024-10-11 | D37: Image | E37: Check out our latest image on facebook! | F37: 400 | G37: 680 | H37: 434 | I37: 6400 | J37: =(F37+G37+H37)/I37 -> 0.2365625 | K37: 5472 | L37: 160 | M37: #EVRevolution | N37: #EVRevolution | O37: ModelYCampaign | P37: =F37+G37+H37 -> 1514
A38: P123 | B38: Instagram | C38: 2024-06-14 | D38: Story | E38: Check out our latest story on instagram! | F38: 4363 | G38: 649 | H38: 140 | I38: 21815 | J38: =(F38+G38+H38)/I38 -> 0.23616777 | K38: 21481 | L38: 157 | M38: #EVRevolution | N38: #TeslaCoInnovation | O38: ModelYCampaign | P38: =F38+G38+H38 -> 5152
A39: P120 | B39: Facebook | C39: 2024-10-21 | D39: Story | E39: Check out our latest story on facebook! | F39: 780 | G39: 928 | H39: 301 | I39: 8580 | J39: =(F39+G39+H39)/I39 -> 0.23414918 | K39: 8081 | L39: 91 | M39: #TeslaCoInnovation | N39: #TeslaCoInnovation | O39: SustainabilityDrive | P39: =F39+G39+H39 -> 2009
A40: P141 | B40: Twitter | C40: 2024-08-31 | D40: Image | E40: Check out our latest image on twitter! | F40: 3170 | G40: 857 | H40: 379 | I40: 19020 | J40: =(F40+G40+H40)/I40 -> 0.23165089 | K40: 18559 | L40: 240 | M40: #TeslaCoInnovation | N40: #FutureOfDriving | P40: =F40+G40+H40 -> 4406
A41: P163 | B41: Instagram | C41: 2025-04-08 | D41: Image | E41: Check out our latest image on instagram! | F41: 4501 | G41: 375 | H41: 323 | I41: 22505 | J41: =(F41+G41+H41)/I41 -> 0.23101533 | K41: 21836 | L41: 132 | M41: #EVRevolution | N41: #EVRevolution | O41: SustainabilityDrive | P41: =F41+G41+H41 -> 5199
A42: P269 | B42: Instagram | C42: 2024-11-05 | D42: Video | E42: Check out our latest video on instagram! | F42: 4561 | G42: 51 | H42: 441 | I42: 22805 | J42: =(F42+G42+H42)/I42 -> 0.22157422 | K42: 21890 | L42: 45 | M42: #FutureOfDriving | N42: #EVRevolution | O42: SustainabilityDrive | P42: =F42+G42+H42 -> 5053
A43: P042 | B43: YouTube | C43: 2025-03-05 | D43: Reel | E43: Check out our latest reel on youtube! | F43: 1543 | G43: 820 | H43: 333 | I43: 12344 | J43: =(F43+G43+H43)/I43 -> 0.2184057 | K43: 11496 | L43: 241 | M43: #EVRevolution | N43: #TeslaCoInnovation | P43: =F43+G43+H43 -> 2696
A44: P043 | B44: Instagram | C44: 2024-12-14 | D44: Carousel | E44: Check out our latest carousel on instagram! | F44: 2174 | G44: 658 | H44: 15 | I44: 13044 | J44: =(F44+G44+H44)/I44 -> 0.21826127 | K44: 12206 | L44: 137 | M44: #TeslaCoInnovation | N44: #TeslaCoInnovation | O44: FSDUpdate | P44: =F44+G44+H44 -> 2847
A45: P159 | B45: Facebook | C45: 2024-11-25 | D45: Story | E45: Check out our latest story on facebook! | F45: 2120 | G45: 158 | H45: 488 | I45: 12720 | J45: =(F45+G45+H45)/I45 -> 0.21745283 | K45: 12085 | L45: 17 | M45: #TeslaCoInnovation | N45: #EVRevolution | P45: =F45+G45+H45 -> 2766
A46: P146 | B46: YouTube | C46: 2024-06-05 | D46: Reel | E46: Check out our latest reel on youtube! | F46: 3065 | G46: 772 | H46: 142 | I46: 18390 | J46: =(F46+G46+H46)/I46 -> 0.21636759 | K46: 17875 | L46: 200 | M46: #FutureOfDriving | N46: #FutureOfDriving | O46: CybertruckLaunch | P46: =F46+G46+H46 -> 3979
A47: P029 | B47: Instagram | C47: 2025-01-31 | D47: Carousel | E47: Check out our latest carousel on instagram! | F47: 2566 | G47: 118 | H47: 37 | I47: 12830 | J47: =(F47+G47+H47)/I47 -> 0.21208106 | K47: 12264 | L47: 221 | M47: #TeslaCoInnovation | N47: #EVRevolution | O47: SustainabilityDrive | P47: =F47+G47+H47 -> 2721
A48: P137 | B48: Facebook | C48: 2024-07-31 | D48: Video | E48: Check out our latest video on facebook! | F48: 3008 | G48: 94 | H48: 37 | I48: 15040 | J48: =(F48+G48+H48)/I48 -> 0.20871011 | K48: 14639 | L48: 277 | M48: #FutureOfDriving | N48: #TeslaCoInnovation | P48: =F48+G48+H48 -> 3139
A49: P087 | B49: Twitter | C49: 2024-06-06 | D49: Video | E49: Check out our latest video on twitter! | F49: 1436 | G49: 765 | H49: 496 | I49: 12924 | J49: =(F49+G49+H49)/I49 -> 0.20868152 | K49: 12701 | L49: 197 | M49: #TeslaCoInnovation | N49: #TeslaCoInnovation | P49: =F49+G49+H49 -> 2697
A50: P271 | B50: Instagram | C50: 2024-10-17 | D50: Video | E50: Check out our latest video on instagram! | F50: 3575 | G50: 749 | H50: 111 | I50: 21450 | J50: =(F50+G50+H50)/I50 -> 0.20675991 | K50: 20785 | L50: 195 | M50: #TeslaCoInnovation | N50: #FutureOfDriving | O50: SustainabilityDrive | P50: =F50+G50+H50 -> 4435
A51: P077 | B51: Facebook | C51: 2025-03-04 | D51: Story | E51: Check out our latest story on facebook! | F51: 1249 | G51: 116 | H51: 420 | I51: 8743 | J51: =(F51+G51+H51)/I51 -> 0.20416333 | K51: 8538 | L51: 63 | M51: #TeslaCoInnovation | N51: #TeslaCoInnovation | O51: FSDUpdate | P51: =F51+G51+H51 -> 1785
A52: P136 | B52: Instagram | C52: 2024-07-11 | D52: Text | E52: Check out our latest text on instagram! | F52: 3134 | G52: 888 | H52: 444 | I52: 21938 | J52: =(F52+G52+H52)/I52 -> 0.20357371 | K52: 21337 | L52: 130 | M52: #FutureOfDriving | N52: #FutureOfDriving | O52: ModelYCampaign | P52: =F52+G52+H52 -> 4466
A53: P258 | B53: Instagram | C53: 2024-08-05 | D53: Story | E53: Check out our latest story on instagram! | F53: 3601 | G53: 695 | H53: 75 | I53: 21606 | J53: =(F53+G53+H53)/I53 -> 0.20230492 | K53: 21454 | L53: 172 | M53: #TeslaCoInnovation | N53: #TeslaCoInnovation | O53: SustainabilityDrive | P53: =F53+G53+H53 -> 4371
A54: P276 | B54: Twitter | C54: 2024-06-07 | D54: Carousel | E54: Check out our latest carousel on twitter! | F54: 1556 | G54: 195 | H54: 131 | I54: 9336 | J54: =(F54+G54+H54)/I54 -> 0.20158526 | K54: 8875 | L54: 137 | M54: #EVRevolution,#BetterWithTesla | N54: #TeslaCoInnovation | P54: =F54+G54+H54 -> 1882
A55: P148 | B55: Instagram | C55: 2025-04-15 | D55: Video | E55: Check out our latest video on instagram! | F55: 4133 | G55: 466 | H55: 327 | I55: 24798 | J55: =(F55+G55+H55)/I55 -> 0.19864505 | K55: 24620 | L55: 176 | M55: #FutureOfDriving | N55: #TeslaCoInnovation | O55: ModelYCampaign | P55: =F55+G55+H55 -> 4926
A56: P198 | B56: Twitter | C56: 2024-09-14 | D56: Image | E56: Check out our latest image on twitter! | F56: 1048 | G56: 374 | H56: 450 | I56: 9432 | J56: =(F56+G56+H56)/I56 -> 0.19847328 | K56: 8882 | L56: 158 | M56: #EVRevolution | N56: #FutureOfDriving | O56: SustainabilityDrive | P56: =F56+G56+H56 -> 1872
A57: P152 | B57: Facebook | C57: 2025-04-22 | D57: Image | E57: Check out our latest image on facebook! | F57: 4804 | G57: 550 | H57: 270 | I57: 28824 | J57: =(F57+G57+H57)/I57 -> 0.19511518 | K57: 28370 | L57: 47 | M57: #FutureOfDriving | N57: #TeslaCoInnovation | O57: FSDUpdate | P57: =F57+G57+H57 -> 5624
A58: P286 | B58: YouTube | C58: 2024-09-25 | D58: Video | E58: Check out our latest video on youtube! | F58: 3389 | G58: 344 | H58: 229 | I58: 20334 | J58: =(F58+G58+H58)/I58 -> 0.19484607 | K58: 19443 | L58: 228 | M58: #TeslaCoInnovation | N58: #EVRevolution | O58: CybertruckLaunch | P58: =F58+G58+H58 -> 3962
A59: P068 | B59: Instagram | C59: 2024-12-08 | D59: Story | E59: Check out our latest story on instagram! | F59: 2610 | G59: 126 | H59: 288 | I59: 15660 | J59: =(F59+G59+H59)/I59 -> 0.19310345 | K59: 15145 | L59: 73 | M59: #TeslaCoInnovation | N59: #BetterWithTesla | O59: SustainabilityDrive | P59: =F59+G59+H59 -> 3024
A60: P085 | B60: Instagram | C60: 2025-04-19 | D60: Image | E60: Check out our latest image on instagram! | F60: 4177 | G60: 569 | H60: 55 | I60: 25062 | J60: =(F60+G60+H60)/I60 -> 0.19156492 | K60: 24847 | L60: 230 | M60: #EVRevolution | N60: #FutureOfDriving | P60: =F60+G60+H60 -> 4801
A61: P032 | B61: Twitter | C61: 2024-07-31 | D61: Carousel | E61: Check out our latest carousel on twitter! | F61: 2278 | G61: 10 | H61: 321 | I61: 13668 | J61: =(F61+G61+H61)/I61 -> 0.19088382 | K61: 12676 | L61: 275 | M61: #EVRevolution,#TeslaCoInnovation,#AnytimeIsTeslaTime | N61: #EVRevolution | O61: FSDUpdate | P61: =F61+G61+H61 -> 2609
A62: P218 | B62: Facebook | C62: 2024-06-11 | D62: Carousel | E62: Check out our latest carousel on facebook! | F62: 1869 | G62: 453 | H62: 490 | I62: 14952 | J62: =(F62+G62+H62)/I62 -> 0.18806849 | K62: 14309 | L62: 275 | M62: #TeslaCoInnovation | N62: #FutureOfDriving | O62: CybertruckLaunch | P62: =F62+G62+H62 -> 2812
A63: P211 | B63: Twitter | C63: 2024-07-18 | D63: Carousel | E63: Check out our latest carousel on twitter! | F63: 2120 | G63: 38 | H63: 212 | I63: 12720 | J63: =(F63+G63+H63)/I63 -> 0.18632075 | K63: 12564 | L63: 21 | M63: #TeslaCoInnovation | N63: #TeslaCoInnovation | O63: FSDUpdate | P63: =F63+G63+H63 -> 2370
A64: P242 | B64: Facebook | C64: 2024-07-07 | D64: Reel | E64: Check out our latest reel on facebook! | F64: 4767 | G64: 190 | H64: 340 | I64: 28602 | J64: =(F64+G64+H64)/I64 -> 0.18519684 | K64: 28044 | L64: 210 | M64: #FutureOfDriving | N64: #TeslaCoInnovation | O64: FSDUpdate | P64: =F64+G64+H64 -> 5297
A65: P041 | B65: Instagram | C65: 2025-03-08 | D65: Reel | E65: Check out our latest reel on instagram! | F65: 456 | G65: 629 | H65: 428 | I65: 8208 | J65: =(F65+G65+H65)/I65 -> 0.18433236 | K65: 7377 | L65: 205 | M65: #FutureOfDriving | N65: #EVRevolution | O65: FSDUpdate | P65: =F65+G65+H65 -> 1513
A66: P294 | B66: Facebook | C66: 2024-06-19 | D66: Carousel | E66: Check out our latest carousel on facebook! | F66: 4731 | G66: 173 | H66: 276 | I66: 28386 | J66: =(F66+G66+H66)/I66 -> 0.18248432 | K66: 28185 | L66: 89 | M66: #EVRevolution | N66: #EVRevolution | P66: =F66+G66+H66 -> 5180
A67: P006 | B67: Facebook | C67: 2024-10-31 | D67: Carousel | E67: Check out our latest carousel on facebook! | F67: 2945 | G67: 930 | H67: 355 | I67: 23560 | J67: =(F67+G67+H67)/I67 -> 0.1795416 | K67: 23275 | L67: 256 | M67: #EVRevolution | N67: #TeslaCoInnovation | O67: CybertruckLaunch | P67: =F67+G67+H67 -> 4230
A68: P153 | B68: Twitter | C68: 2025-01-01 | D68: Video | E68: Check out our latest video on twitter! | F68: 754 | G68: 197 | H68: 257 | I68: 6786 | J68: =(F68+G68+H68)/I68 -> 0.17801356 | K68: 6221 | L68: 212 | M68: #EVRevolution | N68: #AnytimeIsTeslaTime | O68: FSDUpdate | P68: =F68+G68+H68 -> 1208
A69: P037 | B69: Facebook | C69: 2025-01-06 | D69: Carousel | E69: Check out our latest carousel on facebook! | F69: 3024 | G69: 925 | H69: 350 | I69: 24192 | J69: =(F69+G69+H69)/I69 -> 0.17770337 | K69: 23518 | L69: 36 | M69: #EVRevolution | N69: #TeslaCoInnovation | P69: =F69+G69+H69 -> 4299
A70: P241 | B70: Facebook | C70: 2025-01-18 | D70: Story | E70: Check out our latest story on facebook! | F70: 4321 | G70: 874 | H70: 172 | I70: 30247 | J70: =(F70+G70+H70)/I70 -> 0.17743908 | K70: 29254 | L70: 122 | M70: #FutureOfDriving | N70: #TeslaCoInnovation | O70: FSDUpdate | P70: =F70+G70+H70 -> 5367
A71: P112 | B71: Twitter | C71: 2024-10-05 | D71: Story | E71: Check out our latest story on twitter! | F71: 1957 | G71: 877 | H71: 238 | I71: 17613 | J71: =(F71+G71+H71)/I71 -> 0.17441662 | K71: 16865 | L71: 297 | M71: #TeslaCoInnovation | N71: #FutureOfDriving | P71: =F71+G71+H71 -> 3072
A72: P129 | B72: Twitter | C72: 2024-07-21 | D72: Text | E72: Check out our latest text on twitter! | F72: 2147 | G72: 430 | H72: 393 | I72: 17176 | J72: =(F72+G72+H72)/I72 -> 0.1729157 | K72: 16483 | L72: 170 | M72: #TeslaCoInnovation | N72: #FutureOfDriving | O72: ModelYCampaign | P72: =F72+G72+H72 -> 2970
A73: P028 | B73: Instagram | C73: 2025-03-04 | D73: Video | E73: Check out our latest video on instagram! | F73: 432 | G73: 624 | H73: 123 | I73: 6912 | J73: =(F73+G73+H73)/I73 -> 0.17057292 | K73: 6259 | L73: 79 | M73: #EVRevolution | N73: #EVRevolution | O73: ModelYCampaign | P73: =F73+G73+H73 -> 1179
A74: P046 | B74: Twitter | C74: 2025-05-02 | D74: Video | E74: Check out our latest video on twitter! | F74: 1108 | G74: 177 | H74: 212 | I74: 8864 | J74: =(F74+G74+H74)/I74 -> 0.16888538 | K74: 8710 | L74: 97 | M74: #FutureOfDriving | N74: #EVRevolution | O74: SustainabilityDrive | P74: =F74+G74+H74 -> 1497
A75: P089 | B75: Twitter | C75: 2025-01-10 | D75: Image | E75: Check out our latest image on twitter! | F75: 2214 | G75: 249 | H75: 152 | I75: 15498 | J75: =(F75+G75+H75)/I75 -> 0.16873145 | K75: 14800 | L75: 180 | M75: #TeslaCoInnovation | N75: #EVRevolution | O75: FSDUpdate | P75: =F75+G75+H75 -> 2615
A76: P094 | B76: Instagram | C76: 2024-11-07 | D76: Image | E76: Check out our latest image on instagram! | F76: 2647 | G76: 304 | H76: 170 | I76: 18529 | J76: =(F76+G76+H76)/I76 -> 0.16843866 | K76: 17841 | L76: 46 | M76: #TeslaCoInnovation | N76: #EVRevolution | O76: SustainabilityDrive | P76: =F76+G76+H76 -> 3121
A77: P116 | B77: YouTube | C77: 2025-03-18 | D77: Reel | E77: Check out our latest reel on youtube! | F77: 3704 | G77: 186 | H77: 458 | I77: 25928 | J77: =(F77+G77+H77)/I77 -> 0.16769516 | K77: 25081 | L77: 131 | M77: #TeslaCoInnovation | N77: #FutureOfDriving | O77: SustainabilityDrive | P77: =F77+G77+H77 -> 4348
A78: P275 | B78: Facebook | C78: 2024-08-05 | D78: Reel | E78: Check out our latest reel on facebook! | F78: 1741 | G78: 831 | H78: 345 | I78: 17410 | J78: =(F78+G78+H78)/I78 -> 0.16754739 | K78: 16844 | L78: 58 | M78: #TeslaCoInnovation | N78: #TeslaCoInnovation | P78: =F78+G78+H78 -> 2917
A79: P109 | B79: Twitter | C79: 2024-08-08 | D79: Story | E79: Check out our latest story on twitter! | F79: 3649 | G79: 215 | H79: 413 | I79: 25543 | J79: =(F79+G79+H79)/I79 -> 0.16744314 | K79: 24963 | L79: 167 | M79: #FutureOfDriving | N79: #TeslaCoInnovation | O79: SustainabilityDrive | P79: =F79+G79+H79 -> 4277
A80: P047 | B80: Twitter | C80: 2025-02-24 | D80: Carousel | E80: Check out our latest carousel on twitter! | F80: 2704 | G80: 752 | H80: 153 | I80: 21632 | J80: =(F80+G80+H80)/I80 -> 0.16683617 | K80: 20792 | L80: 127 | M80: #EVRevolution | N80: #EVRevolution | O80: ModelYCampaign | P80: =F80+G80+H80 -> 3609
A81: P295 | B81: Twitter | C81: 2025-05-06 | D81: Image | E81: Check out our latest image on twitter! | F81: 1952 | G81: 344 | H81: 287 | I81: 15616 | J81: =(F81+G81+H81)/I81 -> 0.16540727 | K81: 15403 | L81: 235 | M81: #FutureOfDriving | N81: #FutureOfDriving | P81: =F81+G81+H81 -> 2583
A82: P054 | B82: YouTube | C82: 2025-03-13 | D82: Carousel | E82: Check out our latest carousel on youtube! | F82: 1686 | G82: 904 | H82: 472 | I82: 18546 | J82: =(F82+G82+H82)/I82 -> 0.16510299 | K82: 18171 | L82: 52 | M82: #TeslaCoInnovation | N82: #TeslaCoInnovation | O82: FSDUpdate | P82: =F82+G82+H82 -> 3062
A83: P060 | B83: Instagram | C83: 2025-01-28 | D83: Video | E83: Check out our latest video on instagram! | F83: 904 | G83: 973 | H83: 63 | I83: 11752 | J83: =(F83+G83+H83)/I83 -> 0.16507828 | K83: 11580 | L83: 84 | M83: #FutureOfDriving,#TeslaCoInnovation,#AnytimeIsTeslaTime | N83: #TeslaCoInnovation | O83: FSDUpdate | P83: =F83+G83+H83 -> 1940
A84: P083 | B84: YouTube | C84: 2024-10-15 | D84: Video | E84: Check out our latest video on youtube! | F84: 1094 | G84: 472 | H84: 21 | I84: 9846 | J84: =(F84+G84+H84)/I84 -> 0.16118221 | K84: 9609 | L84: 112 | M84: #EVRevolution | N84: #TeslaCoInnovation | P84: =F84+G84+H84 -> 1587
A85: P138 | B85: Twitter | C85: 2025-03-29 | D85: Image | E85: Check out our latest image on twitter! | F85: 305 | G85: 187 | H85: 243 | I85: 4575 | J85: =(F85+G85+H85)/I85 -> 0.16065574 | K85: 3704 | L85: 234 | M85: #FutureOfDriving | N85: #TeslaCoInnovation | O85: SustainabilityDrive | P85: =F85+G85+H85 -> 735
A86: P221 | B86: Facebook | C86: 2025-03-23 | D86: Video | E86: Check out our latest video on facebook! | F86: 4453 | G86: 111 | H86: 420 | I86: 31171 | J86: =(F86+G86+H86)/I86 -> 0.15989221 | K86: 30565 | L86: 23 | M86: #FutureOfDriving | N86: #FutureOfDriving | O86: CybertruckLaunch | P86: =F86+G86+H86 -> 4984
A87: P252 | B87: Facebook | C87: 2025-04-28 | D87: Carousel | E87: Check out our latest carousel on facebook! | F87: 2089 | G87: 476 | H87: 69 | I87: 16712 | J87: =(F87+G87+H87)/I87 -> 0.1576113 | K87: 16309 | L87: 64 | M87: #EVRevolution,#BetterWithTesla | N87: #EVRevolution | O87: SustainabilityDrive | P87: =F87+G87+H87 -> 2634
A88: P052 | B88: Facebook | C88: 2025-01-03 | D88: Image | E88: Check out our latest image on facebook! | F88: 947 | G88: 338 | H88: 350 | I88: 10417 | J88: =(F88+G88+H88)/I88 -> 0.15695498 | K88: 9730 | L88: 34 | M88: #FutureOfDriving | N88: #FutureOfDriving | O88: FSDUpdate | P88: =F88+G88+H88 -> 1635
A89: P140 | B89: Facebook | C89: 2024-07-15 | D89: Image | E89: Check out our latest image on facebook! | F89: 2291 | G89: 78 | H89: 485 | I89: 18328 | J89: =(F89+G89+H89)/I89 -> 0.15571803 | K89: 18101 | L89: 10 | M89: #TeslaCoInnovation | N89: #TeslaCoInnovation | O89: SustainabilityDrive | P89: =F89+G89+H89 -> 2854
A90: P165 | B90: Twitter | C90: 2024-12-11 | D90: Text | E90: Check out our latest text on twitter! | F90: 3239 | G90: 43 | H90: 211 | I90: 22673 | J90: =(F90+G90+H90)/I90 -> 0.1540599 | K90: 22171 | L90: 230 | M90: #EVRevolution | N90: #FutureOfDriving | P90: =F90+G90+H90 -> 3493
A91: P164 | B91: YouTube | C91: 2025-02-27 | D91: Text | E91: Check out our latest text on youtube! | F91: 4934 | G91: 971 | H91: 156 | I91: 39472 | J91: =(F91+G91+H91)/I91 -> 0.15355188 | K91: 39025 | L91: 169 | M91: #TeslaCoInnovation | N91: #TeslaCoInnovation | O91: SustainabilityDrive | P91: =F91+G91+H91 -> 6061
A92: P262 | B92: YouTube | C92: 2025-01-18 | D92: Image | E92: Check out our latest image on youtube! | F92: 1206 | G92: 238 | H92: 36 | I92: 9648 | J92: =(F92+G92+H92)/I92 -> 0.15339967 | K92: 9417 | L92: 237 | M92: #EVRevolution | N92: #AnytimeIsTeslaTime | O92: SustainabilityDrive | P92: =F92+G92+H92 -> 1480
A93: P147 | B93: Instagram | C93: 2024-10-21 | D93: Reel | E93: Check out our latest reel on instagram! | F93: 3256 | G93: 459 | H93: 266 | I93: 26048 | J93: =(F93+G93+H93)/I93 -> 0.15283323 | K93: 25529 | L93: 143 | M93: #FutureOfDriving | N93: #EVRevolution | O93: FSDUpdate | P93: =F93+G93+H93 -> 3981
A94: P004 | B94: Instagram | C94: 2024-08-12 | D94: Story | E94: Check out our latest story on instagram! | F94: 2404 | G94: 363 | H94: 138 | I94: 19232 | J94: =(F94+G94+H94)/I94 -> 0.15105033 | K94: 18636 | L94: 128 | M94: #EVRevolution | N94: #FutureOfDriving | O94: FSDUpdate | P94: =F94+G94+H94 -> 2905
A95: P014 | B95: Facebook | C95: 2025-02-16 | D95: Story | E95: Check out our latest story on facebook! | F95: 4242 | G95: 555 | H95: 131 | I95: 33936 | J95: =(F95+G95+H95)/I95 -> 0.14521452 | K95: 33802 | L95: 265 | M95: #FutureOfDriving | N95: #FutureOfDriving | O95: FSDUpdate | P95: =F95+G95+H95 -> 4928
A96: P192 | B96: Instagram | C96: 2024-11-29 | D96: Video | E96: Check out our latest video on instagram! | F96: 1176 | G96: 464 | H96: 394 | I96: 14112 | J96: =(F96+G96+H96)/I96 -> 0.14413265 | K96: 13588 | L96: 272 | M96: #FutureOfDriving | N96: #EVRevolution | O96: SustainabilityDrive | P96: =F96+G96+H96 -> 2034
A97: P173 | B97: Twitter | C97: 2024-12-05 | D97: Video | E97: Check out our latest video on twitter! | F97: 1330 | G97: 925 | H97: 35 | I97: 15960 | J97: =(F97+G97+H97)/I97 -> 0.14348371 | K97: 15379 | L97: 229 | M97: #FutureOfDriving | N97: #BetterWithTesla | P97: =F97+G97+H97 -> 2290
A98: P166 | B98: Twitter | C98: 2025-02-16 | D98: Reel | E98: Check out our latest reel on twitter! | F98: 1076 | G98: 313 | H98: 306 | I98: 11836 | J98: =(F98+G98+H98)/I98 -> 0.14320716 | K98: 11596 | L98: 104 | M98: #TeslaCoInnovation,#AnytimeIsTeslaTime | N98: #FutureOfDriving | O98: ModelYCampaign | P98: =F98+G98+H98 -> 1695
A99: P207 | B99: Twitter | C99: 2024-12-29 | D99: Carousel | E99: Check out our latest carousel on twitter! | F99: 4274 | G99: 340 | H99: 281 | I99: 34192 | J99: =(F99+G99+H99)/I99 -> 0.14316214 | K99: 33446 | L99: 129 | M99: #FutureOfDriving | N99: #TeslaCoInnovation | O99: SustainabilityDrive | P99: =F99+G99+H99 -> 4895
A100: P061 | B100: Twitter | C100: 2024-09-05 | D100: Video | E100: Check out our latest video on twitter! | F100: 4886 | G100: 983 | H100: 409 | I100: 43974 | J100: =(F100+G100+H100)/I100 -> 0.14276618 | K100: 43239 | L100: 65 | M100: #FutureOfDriving | N100: #EVRevolution | O100: FSDUpdate | P100: =F100+G100+H100 -> 6278
...

Sheet Engagement Summary
A1: Week_Start_Date | B1: Platform | C1: New_Followers | D1: Unfollows | E1: Total_Followers | F1: Engagement_Rate | G1: Ad_Spend | H1: Growth Rate | I1: Engagement Volume | J1: Campaign Name
A2: 45656 | B2: Facebook | C2: 1980 | D2: 204 | E2: 379431 | F2: 3.09 | G2: 25140 | H2: =(C2-D2)/E2 -> 0.0046806929 | I2: =E2*(F2/100) -> 11724.418 | J2: =_xlfn.XLOOKUP(A2, 'Campaign Metadata'!$B$2:$B$5, 'Campaign Metadata'!$A$2:$A$5, "No Campaign", -1) -> FSDUpdate
A3: 45488 | B3: Instagram | C3: 1960 | D3: 115 | E3: 154169 | F3: 3.74 | G3: 10740 | H3: =(C3-D3)/E3 -> 0.011967386 | I3: =E3*(F3/100) -> 5765.9206 | J3: =_xlfn.XLOOKUP(A3, 'Campaign Metadata'!$B$2:$B$5, 'Campaign Metadata'!$A$2:$A$5, "No Campaign", -1) -> CybertruckLaunch
A4: 45698 | B4: Instagram | C4: 1957 | D4: 234 | E4: 222126 | F4: 4.61 | G4: 3314 | H4: =(C4-D4)/E4 -> 0.0077568587 | I4: =E4*(F4/100) -> 10240.009 | J4: =_xlfn.XLOOKUP(A4, 'Campaign Metadata'!$B$2:$B$5, 'Campaign Metadata'!$A$2:$A$5, "No Campaign", -1) -> FSDUpdate
A5: 45747 | B5: YouTube | C5: 1957 | D5: 490 | E5: 435726 | F5: 4.73 | G5: 15969 | H5: =(C5-D5)/E5 -> 0.0033667947 | I5: =E5*(F5/100) -> 20609.84 | J5: =_xlfn.XLOOKUP(A5, 'Campaign Metadata'!$B$2:$B$5, 'Campaign Metadata'!$A$2:$A$5, "No Campaign", -1) -> SustainabilityDrive
A6: 45782 | B6: Instagram | C6: 1957 | D6: 76 | E6: 447902 | F6: 6.09 | G6: 33381 | H6: =(C6-D6)/E6 -> 0.0041995794 | I6: =E6*(F6/100) -> 27277.232 | J6: =_xlfn.XLOOKUP(A6, 'Campaign Metadata'!$B$2:$B$5, 'Campaign Metadata'!$A$2:$A$5, "No Campaign", -1) -> SustainabilityDrive
A7: 45747 | B7: Twitter | C7: 1946 | D7: 270 | E7: 198350 | F7: 7.5 | G7: 11805 | H7: =(C7-D7)/E7 -> 0.0084497101 | I7: =E7*(F7/100) -> 14876.25 | J7: =_xlfn.XLOOKUP(A7, 'Campaign Metadata'!$B$2:$B$5, 'Campaign Metadata'!$A$2:$A$5, "No Campaign", -1) -> SustainabilityDrive
A8: 45572 | B8: Instagram | C8: 1939 | D8: 67 | E8: 187183 | F8: 6.25 | G8: 41215 | H8: =(C8-D8)/E8 -> 0.010000908 | I8: =E8*(F8/100) -> 11698.938 | J8: =_xlfn.XLOOKUP(A8, 'Campaign Metadata'!$B$2:$B$5, 'Campaign Metadata'!$A$2:$A$5, "No Campaign", -1) -> ModelYCampaign
A9: 45635 | B9: Twitter | C9: 1937 | D9: 210 | E9: 20607 | F9: 4.2 | G9: 20861 | H9: =(C9-D9)/E9 -> 0.083806474 | I9: =E9*(F9/100) -> 865.494 | J9: =_xlfn.XLOOKUP(A9, 'Campaign Metadata'!$B$2:$B$5, 'Campaign Metadata'!$A$2:$A$5, "No Campaign", -1) -> ModelYCampaign
A10: 45572 | B10: Facebook | C10: 1929 | D10: 267 | E10: 379363 | F10: 1.75 | G10: 43836 | H10: =(C10-D10)/E10 -> 0.0043810282 | I10: =E10*(F10/100) -> 6638.8525 | J10: =_xlfn.XLOOKUP(A10, 'Campaign Metadata'!$B$2:$B$5, 'Campaign Metadata'!$A$2:$A$5, "No Campaign", -1) -> ModelYCampaign
A11: 45565 | B11: YouTube | C11: 1918 | D11: 212 | E11: 94360 | F11: 7.36 | G11: 36851 | H11: =(C11-D11)/E11 -> 0.018079695 | I11: =E11*(F11/100) -> 6944.896 | J11: =_xlfn.XLOOKUP(A11, 'Campaign Metadata'!$B$2:$B$5, 'Campaign Metadata'!$A$2:$A$5, "No Campaign", -1) -> CybertruckLaunch
A12: 45558 | B12: Twitter | C12: 1911 | D12: 231 | E12: 268516 | F12: 8.55 | G12: 24018 | H12: =(C12-D12)/E12 -> 0.0062566104 | I12: =E12*(F12/100) -> 22958.118 | J12: =_xlfn.XLOOKUP(A12, 'Campaign Metadata'!$B$2:$B$5, 'Campaign Metadata'!$A$2:$A$5, "No Campaign", -1) -> CybertruckLaunch
A13: 45628 | B13: Facebook | C13: 1902 | D13: 196 | E13: 470269 | F13: 4.79 | G13: 26103 | H13: =(C13-D13)/E13 -> 0.0036277109 | I13: =E13*(F13/100) -> 22525.885 | J13: =_xlfn.XLOOKUP(A13, 'Campaign Metadata'!$B$2:$B$5, 'Campaign Metadata'!$A$2:$A$5, "No Campaign", -1) -> ModelYCampaign
... A201: 45684 | B201: Instagram | C201: 115 | D201: 281 | E201: 357265 | F201: 9.23 | G201: 25525 | H201: =(C201-D201)/E201 -> -0.00046464109 | I201: =E201*(F201/100) -> 32975.56 | J201: =_xlfn.XLOOKUP(A201, 'Campaign Metadata'!$B$2:$B$5, 'Campaign Metadata'!$A$2:$A$5, "No Campaign", -1) -> FSDUpdate

Sheet Campaign Metadata
A1: Campaign_Name | B1: Start_Date | C1: End_Date | D1: Objective | E1: Total_Budget | F1: Target_Platforms | G1: Primary_Hashtags | H1: Baseline Avg(Pre-Campaign) | I1: Campaign Avg(During) | J1: Uplift % | K1: Column1
A2: CybertruckLaunch | B2: 45458 | C2: 45488 | D2: Product Awareness | E2: 150000 | F2: Instagram,Facebook | G2: #EVRevolution,#TeslaCoInnovation | H2: =AVERAGEIFS('Engagement Summary'!F:F, 'Engagement Summary'!B:B, "*"&LEFT(F2,5)&"*", 'Engagement Summary'!A:A, "<"&B2, 'Engagement Summary'!A:A, ">="&B2-30) -> 8.555 | I2: =AVERAGEIFS('Engagement Summary'!F:F, 'Engagement Summary'!B:B, "*"&LEFT(F2,5)&"*", 'Engagement Summary'!A:A, ">="&B2, 'Engagement Summary'!A:A, "<="&C2) -> 6.244 | J2: =(I2-H2)/H2 -> -0.27013442
A3: ModelYCampaign | B3: 45566 | C3: 45596 | D3: Customer Engagement | E3: 200000 | F3: Instagram,YouTube | G3: #AnytimeIsTeslaTime, | H3: =AVERAGEIFS('Engagement Summary'!F:F, 'Engagement Summary'!B:B, "*"&LEFT(F3,5)&"*", 'Engagement Summary'!A:A, "<"&B3, 'Engagement Summary'!A:A, ">="&B3-30) -> 5.062 | I3: =AVERAGEIFS('Engagement Summary'!F:F, 'Engagement Summary'!B:B, "*"&LEFT(F3,5)&"*", 'Engagement Summary'!A:A, ">="&B3, 'Engagement Summary'!A:A, "<="&C3) -> 6.875 | J3: =(I3-H3)/H3 -> 0.35815883
A4: FSDUpdate | B4: 45651 | C4: 45667 | D4: Vehicle Launch | E4: 250000 | F4: Facebook,Twitter | G4: #SmoothLikeNitroTesla | H4: =AVERAGEIFS('Engagement Summary'!F:F, 'Engagement Summary'!B:B, "*"&LEFT(F4,5)&"*", 'Engagement Summary'!A:A, "<"&B4, 'Engagement Summary'!A:A, ">="&B4-30) -> 5.718 | I4: =AVERAGEIFS('Engagement Summary'!F:F, 'Engagement Summary'!B:B, "*"&LEFT(F4,5)&"*", 'Engagement Summary'!A:A, ">="&B4, 'Engagement Summary'!A:A, "<="&C4) -> 5.645 | J4: =(I4-H4)/H4 -> -0.012766702
A5: SustainabilityDrive | B5: 45717 | C5: 45747 | D5: Community Growth | E5: 180000 | F5: Instagram,Twitter | G5: #BetterWithTesla,#FutureOfDriving | H5: =AVERAGEIFS('Engagement Summary'!F:F, 'Engagement Summary'!B:B, "*"&LEFT(F5,5)&"*", 'Engagement Summary'!A:A, "<"&B5, 'Engagement Summary'!A:A, ">="&B5-30) -> 3.925 | I5: =AVERAGEIFS('Engagement Summary'!F:F, 'Engagement Summary'!B:B, "*"&LEFT(F5,5)&"*", 'Engagement Summary'!A:A, ">="&B5, 'Engagement Summary'!A:A, "<="&C5) -> 6.278 | J5: =(I5-H5)/H5 -> 0.59949045

Sheet Task 2.2
A1: ::Top 10 Tesla posts with highest engagement
A2: Post ID | B2: Platform | C2: Date | D2: Content Type | E2: Post Text | F2: Likes | G2: Shares | H2: Comments | I2: Impressions | J2: Engagement Rate | K2: Reach
A3: P220 | B3: Instagram | C3: 2024-06-02 | D3: Story | E3: Check out our latest story on instagram! | F3: 84 | G3: 897 | H3: 85 | I3: 588 | J3: =(F3+G3+H3)/I3 -> 1.8129252 | K3: 8
A4: P058 | B4: Instagram | C4: 2025-04-15 | D4: Reel | E4: Check out our latest reel on instagram! | F4: 103 | G4: 770 | H4: 19 | I4: 1030 | J4: =(F4+G4+H4)/I4 -> 0.86601942 | K4: 410
A5: P232 | B5: Twitter | C5: 2025-04-29 | D5: Story | E5: Check out our latest story on twitter! | F5: 249 | G5: 592 | H5: 230 | I5: 1494 | J5: =(F5+G5+H5)/I5 -> 0.71686747 | K5: 1044
A6: P178 | B6: Instagram | C6: 2024-11-07 | D6: Video | E6: Check out our latest video on instagram! | F6: 129 | G6: 643 | H6: 136 | I6: 1290 | J6: =(F6+G6+H6)/I6 -> 0.70387597 | K6: 839
A7: P175 | B7: Instagram | C7: 2025-01-17 | D7: Reel | E7: Check out our latest reel on instagram! | F7: 142 | G7: 784 | H7: 183 | I7: 1704 | J7: =(F7+G7+H7)/I7 -> 0.6508216 | K7: 995
A8: P062 | B8: Twitter | C8: 2024-11-22 | D8: Carousel | E8: Check out our latest carousel on twitter! | F8: 53 | G8: 81 | H8: 379 | I8: 954 | J8: =(F8+G8+H8)/I8 -> 0.53773585 | K8: 7
A9: P264 | B9: Twitter | C9: 2025-01-30 | D9: Image | E9: Check out our latest image on twitter! | F9: 59 | G9: 163 | H9: 93 | I9: 590 | J9: =(F9+G9+H9)/I9 -> 0.53389831 | K9: 475
A10: P143 | B10: YouTube | C10: 2024-10-02 | D10: Carousel | E10: Check out our latest carousel on youtube! | F10: 80 | G10: 362 | H10: 80 | I10: 1040 | J10: =(F10+G10+H10)/I10 -> 0.50192308 | K10: 349
A11: P210 | B11: YouTube | C11: 2025-02-19 | D11: Image | E11: Check out our latest image on youtube! | F11: 257 | G11: 966 | H11: 398 | I11: 3341 | J11: =(F11+G11+H11)/I11 -> 0.48518408 | K11: 2753
A12: P070 | B12: Facebook | C12: 2025-04-02 | D12: Video | E12: Check out our latest video on facebook! | F12: 199 | G12: 772 | H12: 400 | I12: 3582 | J12: =(F12+G12+H12)/I12 -> 0.38274707 | K12: 2988

Sheet Task 2.3.1
A2: ::Total Likes, Shares, Comments by Content Type & Platform
A3: Row Labels | B3: Sum of Likes | C3: Sum of Shares | D3: Sum of Comments
A4: Carousel | B4: 161999 | C4: 26471 | D4: 14508
A5: Facebook | B5: 44476 | C5: 7400 | D5: 4589
A6: Instagram | B6: 43948 | C6: 6975 | D6: 3890
A7: Twitter | B7: 48649 | C7: 5791 | D7: 3607
A8: YouTube | B8: 24926 | C8: 6305 | D8: 2422
A9: Image | B9: 173468 | C9: 29610 | D9: 16352
A10: Facebook | B10: 71602 | C10: 12904 | D10: 6495
A11: Instagram | B11: 34202 | C11: 5286 | D11: 2655
A12: Twitter | B12: 43761 | C12: 7110 | D12: 5125
A13: YouTube | B13: 23903 | C13: 4310 | D13: 2077
A14: Reel | B14: 127945 | C14: 23201 | D14: 11320
A15: Facebook | B15: 36368 | C15: 5964 | D15: 3353
... A33: YouTube | B33: 31285 | C33: 5586 | D33: 2589
A34: (blank)
A35: (blank)
A36: Grand Total | B36: 819991 | C36: 142925 | D36: 74851

Sheet Task 2.3.2
B3: ::Average Clicks per post by Hashtag
B4: Row Labels | C4: Average of Clicks
B5: #AnytimeIsTeslaTime | C5: 150.5
B6: #BetterWithTesla | C6: 170.5
B7: #EVRevolution | C7: 163.30682
B8: #FutureOfDriving | C8: 150.34737
B9: #SmoothLikeNitroTesla | C9: 101.75
B10: #TeslaCoInnovation | C10: 141.85263
B11: null
B12: (blank)
B13: Grand Total | C13: 151.22

Sheet Task 2.4
A2: ::Top-Performing Hashtags
A3: Row Labels | B3: Average of Engagement Rate
A4: #BetterWithTesla | B4: 0.20374469
A5: #AnytimeIsTeslaTime | B5: 0.18436005
A6: #TeslaCoInnovation | B6: 0.15525398
A7: #FutureOfDriving | B7: 0.15200123
A8: #EVRevolution | B8: 0.13091298
A9: #SmoothLikeNitroTesla | B9: 0.085110064
A10: (blank)
A11: null
A12: Grand Total | B12: 0.14828272

Sheet Task 3.1
A2: ::Platform with highest engagement
A3: Row Labels | B3: Average of Engagement
A4: Facebook | B4: 3677.6145
A5: YouTube | B5: 3609.1695
A6: Instagram | B6: 3336.443
A7: Twitter | B7: 3240.5696
A8: (blank)
A9: Grand Total | B9: 3459.2233

Sheet Task 3.2
A3: ::Follower growth rates across platforms
A4: Row Labels | B4: Average of Growth Rate
A5: Facebook | B5: 0.0054649907
A6: Instagram | B6: 0.0057625321
A7: Twitter | B7: 0.0092800257
A8: YouTube | B8: 0.0090210666
A9: (blank)
A10: Grand Total | B10: 0.0073821538

Sheet Task 3.3
A3: ::Engagement vs. Ad Spend per platform
A4: Row Labels | B4: Sum of Engagement_Rate | C4: Average of Ad_Spend
A5: Facebook | B5: 282.43 | C5: 27590.78
A6: Instagram | B6: 285.78 | C6: 23287.46
A7: Twitter | B7: 282.79 | C7: 21207.14
A8: YouTube | B8: 277.94 | C8: 24572.94
A9: (blank)
A10: Grand Total | B10: 1128.94 | C10: 24164.58

Sheet Task 3.4
C2: Should Tesla focus on Twitter + YouTube (product announcements + demos) or maintain a multi-platform strategy?
C4: Based on the previous analysis, the most effective approach for Tesla would be to maintain a multi-platform strategy, but with specific roles assigned to each channel based on their clear performance strengths.
C5: ​Each platform is currently winning in a different categories.
C6: :Facebook has the highest "Average of Engagement", making it the most reliable for overall interaction volume.
C7: :Twitter leads with a growth rate of 0.009280. It is best engine for expanding the brand's reach and building a new audience.
C8: :Instagram holds the highest "Sum of Engagement Rate" . While Facebook has volume, Instagram has the most "active" interest relative to the audience size.
C9: :Twitter is for Growth
C10: :​Facebook is for Efficiency
C11: :​Instagram is for Quality .
C12: :​YouTube is the "Middle Ground": YouTube shows consistent performance across growth and engagement.

Sheet Task 4.1
A2: ::Most frequently used Tesla hashtags.
A3: Row Labels | B3: Count of Individual Hashtags
A4: #TeslaCoInnovation | B4: 107
A5: #FutureOfDriving | B5: 103
A6: #EVRevolution | B6: 102
A7: #AnytimeIsTeslaTime | B7: 15
A8: #BetterWithTesla | B8: 7
A9: #SmoothLikeNitroTesla | B9: 5
A10: (blank)
A11: Grand Total | B11: 339

Sheet Task 4.2
A2: ::Average performance of posts containing each hashtag
A3: Row Labels | B3: Average of Engagement Rate
A4: P006 | B4: 0.1795416
A5: P008 | B5: 0.1034036
A6: P009 | B6: 0.088019732
A7: P011 | B7: 0.11571269
A8: P016 | B8: 0.075843714
A9: P022 | B9: 0.080294586
A10: P023 | B10: 0.076867995
A11: P030 | B11: 0.057655717
A12: P031 | B12: 0.28245271
A13: P037 | B13: 0.17770337
A14: P039 | B14: 0.072126494
A15: P042 | B15: 0.2184057
... A98: P298 | B98: 0.058563793
A99: (blank)
A100: Grand Total | B100: 0.15525398

Sheet Task 4.3
A2: ::Comparing content performance: Videos , Images and Carousels
A3: Row Labels | B3: Average of Engagement Rate | C3: Sum of Reach | D3: Sum of Clicks
A4: Carousel | B4: 0.17416554 | C4: 390987 | D4: 1790
A5: Image | B5: 0.15035568 | C5: 370491 | D5: 1581
A6: Video | B6: 0.12968338 | C6: 348581 | D6: 1046
A7: Grand Total | B7: 0.1521952 | C7: 1110059 | D7: 4417

Sheet Task 4.4
A2: ::Content type priorities per platform
A3: Platform | B3: Content Type | C3: Average of Engagement Rate | D3: Average of Impressions | E3: Average of Reach
A4: Facebook | B4: Story | C4: 0.15898978 | D4: 28969.273 | E4: 28358.909
B5: Video | C5: 0.12899654 | D5: 47053.333 | E5: 46548.333
B6: Image | C6: 0.11892683 | D6: 39665.96 | E6: 39002.68
B7: Carousel | C7: 0.1182059 | D7: 40390.786 | E7: 39865.571
B8: Reel | C8: 0.10810248 | D8: 44396.909 | E8: 43865.364
B9: Text | C9: 0.10743951 | D9: 34732.769 | E9: 34207.077
A10: Facebook Total | C10: 0.1219729 | D10: 39025.952 | E10: 38449.145
A11: Instagram | B11: Reel | C11: 0.26004033 | D11: 26077.769 | E11: 25570.615
B12: Story | C12: 0.24558274 | D12: 30044.941 | E12: 29561.706
B13: Video | C13: 0.20623961 | D13: 19733.25 | E13: 19194.583
B14: Image | C14: 0.14929862 | D14: 39353.9 | E14: 38819.3
B15: Carousel | C15: 0.1443986 | D15: 31475.529 | E15: 30981.824
B16: Text | C16: 0.12920449 | D16: 31055.9 | E16: 30429.3
A17: Instagram Total | C17: 0.19329258 | D17: 29439.949 | E17: 28917.456
A18: Twitter | B18: Story | C18: 0.18859717 | D18: 25415.111 | E18: 24831.333
B19: Carousel | C19: 0.15972488 | D19: 36355.294 | E19: 35824.882
B20: Image | C20: 0.14756648 | D20: 26339.895 | E20: 25808.053
B21: Reel | C21: 0.12428082 | D21: 37758.455 | E21: 37262.909
B22: Text | C22: 0.12088973 | D22: 37256.818 | E22: 36731.091
B23: Video | C23: 0.11980877 | D23: 32369.5 | E23: 31834.583
A24: Twitter Total | C24: 0.14368407 | D24: 32415.646 | E24: 31883.633
A25: YouTube | B25: Carousel | C25: 0.17416554 | D25: 36012.545 | E25: 35544.273
B26: Image | C26: 0.15035568 | D26: 41621.889 | E26: 41165.667
B27: Video | C27: 0.12968338 | D27: 35356.4 | E27: 34858.1
B28: Reel | C28: 0.11688584 | D28: 34422.167 | E28: 33813.75
B29: Text | C29: 0.11459218 | D29: 38568.5 | E29: 37974.25
B30: Story | C30: 0.09496533 | D30: 46943.778 | E30: 46382.222
A31: YouTube Total | C31: 0.13118494 | D31: 38447.576 | E31: 37916.237
A32: (blank) | B32: (blank)
A33: (blank) Total
A34: Grand Total | C34: 0.14828272 | D34: 34647.177 | E34: 34105.41

Sheet Task 5.1.1
A2: ::Total Impressions, Likes, Clicks per Campaign.
A3: Row Labels | B3: Sum of Impressions | C3: Sum of Likes | D3: Sum of Clicks
A4: CybertruckLaunch | B4: 1851380 | C4: 150208 | D4: 7261
A5: FSDUpdate | B5: 2353229 | C5: 184800 | D5: 10333
A6: ModelYCampaign | B6: 1895919 | C6: 137522 | D6: 8720
A7: SustainabilityDrive | B7: 2259795 | C7: 184657 | D7: 11569
A8: (blank) | B8: 2033830 | C8: 162804 | D8: 7483
A9: Grand Total | B9: 10394153 | C9: 819991 | D9: 45366
A10: :: Average Impressions, Likes, Clicks per Campaign.
A11: Row Labels | B11: Average of Impressions | C11: Average of Likes | D11: Average of Clicks
A12: CybertruckLaunch | B12: 38570.417 | C12: 3129.3333 | D12: 151.27083
A13: FSDUpdate | B13: 35122.821 | C13: 2758.209 | D13: 154.22388
A14: ModelYCampaign | B14: 32688.259 | C14: 2371.069 | D14: 150.34483
A15: SustainabilityDrive | B15: 31828.099 | C15: 2600.8028 | D15: 162.94366
A16: (blank) | B16: 36318.393 | C16: 2907.2143 | D16: 133.625
A17: Grand Total | B17: 34647.177 | C17: 2733.3033 | D17: 151.22

Sheet Task 5.1.2
A2: ::Engagement uplift during vs. before campaigns
A3: Row Labels | B3: Sum of Baseline Avg(Pre-Campaign) | C3: Sum of Campaign Avg(During)
A4: CybertruckLaunch | B4: 8.555 | C4: 6.244
A5: FSDUpdate | B5: 5.718 | C5: 5.645
A6: ModelYCampaign | B6: 5.062 | C6: 6.875
A7: SustainabilityDrive | B7: 3.925 | C7: 6.278
A8: (blank)
A9: Grand Total | B9: 23.26 | C9: 25.042

Sheet Task 5.2.1
A1: Week_Start_Date | B1: (All)
A2: ::Highest ROI
A3: Row Labels | B3: Sum of Ad_Spend | C3: Sum of Engagement Volume | D3: Sum of ROI
A4: Facebook | B4: 1379539 | C4: 780999.52 | D4: 0.5661308
A5: Instagram | B5: 1164373 | C5: 808238.42 | D5: 0.69414047
A6: Twitter | B6: 1060357 | C6: 776801.62 | D6: 0.73258498
A7: YouTube | B7: 1228647 | C7: 605086.52 | D7: 0.49248199
A8: (blank) | D8: #DIV/0!
A9: Grand Total | B9: 4832916 | C9: 2971126.1 | D9: 0.61476882

Sheet Task 5.2.2
A1: Platform | B1: (All)
A2: ::Campaign that drove the strongest follower growth
A3: Row Labels | B3: Sum of New_Followers
A4: CybertruckLaunch | B4: 60617
A5: ModelYCampaign | B5: 52416
A6: FSDUpdate | B6: 44920
A7: SustainabilityDrive | B7: 43623
A8: No Campaign | B8: 8552
A9: (blank)
A10: Grand Total | B10: 210128

Sheet Task 6.1
A2: ::Weekly follower growth per platform (line chart)
A3: Sum of New_Followers | B3: Column Labels
A4: Row Labels | B4: Facebook | C4: Instagram | D4: Twitter | E4: YouTube | F4: Grand Total
A5: 2024-07-08 | B5: 350 | C5: 1757 | D5: 987 | E5: 883 | F5: 3977
A6: Grand Total | B6: 350 | C6: 1757 | D6: 987 | E6: 883 | F6: 3977

Sheet Task 6.2
A2: ::Peak week of follower gain.
A3: Row Labels | B3: Sum of New_Followers
A4: 2024-12-30 | B4: 7075
A5: 2025-02-10 | B5: 6545
A6: 2025-03-31 | B6: 5924
A7: 2024-11-04 | B7: 5741
A8: 2024-12-16 | B8: 5721
A9: 2024-12-09 | B9: 5681
A10: 2024-09-09 | B10: 5594
A11: 2024-12-02 | B11: 5491
A12: 2024-12-23 | B12: 5284
A13: 2025-02-24 | B13: 5248
A14: 2025-04-21 | B14: 5190
A15: 2024-11-25 | B15: 5187
... A53: 2025-04-14 | B53: 1269
A54: (blank)
A55: Grand Total | B55: 210128

Sheet Task 6.3
A2: ::Using moving averages to smooth growth trends.
A3: Row Labels | B3: Sum of New_Followers
A4: <03-06-2024
A5: 2024 | B5: 128660
A6: 2025 | B6: 81468
A7: Grand Total | B7: 210128

Sheet Task 6.4

Sheet Conclusion
B2: Key Insights::
A3: 1 | B3: Instagram and Twitter provide higher engagement efficiency
A4: 2 | B4: Facebook generates the highest engagement but at higher cost
A5: 3 | B5: YouTube shows lower engagement despite significant ad spend
A6: 4 | B6: Campaigns significantly improve engagement rates
A7: 5 | B7: Sustainability-focused campaigns drive strong follower growth
A8: 6 | B8: Innovation-related hashtags perform best
B9: Recommendations::
A10: 1 | B10: Focus on Instagram and Twitter for cost-effective engagement
A11: 2 | B11: Optimize YouTube content strategy instead of increasing ad spend
A12: 3 | B12: Leverage campaign-based marketing for engagement spikes
A13: 4 | B13: Use high-performing hashtags consistently
A14: 5 | B14: Invest in sustainability and innovation messaging

Sheet Drive Link
F5: LINK:: | G5: https://drive.google.com/file/d/12SKJ4mV9gP7PGR89uggSEKEkzluKuAwQ/view?usp=sharing
